{
  "method": "isotonic_regression",
  "calibration_set_size": 12500,
  "label_classes": [
    "A",
    "A+",
    "B",
    "C",
    "D",
    "E",
    "F"
  ],
  "raw_model": {
    "mean_max_confidence": 0.872460126876831,
    "pct_over_90": 0.62288,
    "accuracy": 0.26048,
    "reliability_data": {
      "A": {
        "fraction_positive": [
          0.061488673139158574,
          0.11363636363636363,
          0.0,
          0.0,
          0.0,
          0.0,
          0.12903225806451613,
          0.24285714285714285,
          0.2764227642276423,
          0.12266666666666666
        ],
        "mean_predicted": [
          0.001089526906915331,
          0.14283531362360175,
          0.26054629615762015,
          0.35640679938452585,
          0.4512972593307495,
          0.5548651417096456,
          0.6441538256983603,
          0.761984886441912,
          0.8589524108219923,
          0.9784345647493998
        ]
      },
      "A+": {
        "fraction_positive": [
          0.07766599597585513,
          0.0,
          0.0,
          0.0,
          0.0,
          0.0,
          0.0,
          0.03125
        ],
        "mean_predicted": [
          0.00022025381155027046,
          0.12418848338226478,
          0.2706607896834612,
          0.3119271695613861,
          0.5822328925132751,
          0.6079520583152771,
          0.8362794667482376,
          0.9578450433909893
        ]
      },
      "B": {
        "fraction_positive": [
          0.15095256609642302,
          0.02925531914893617,
          0.043478260869565216,
          0.0873015873015873,
          0.0,
          0.0440251572327044,
          0.04285714285714286,
          0.038461538461538464,
          0.02830188679245283,
          0.3437094682230869
        ],
        "mean_predicted": [
          0.0039091941895102985,
          0.13686499364198523,
          0.24363880701687024,
          0.3469158536384976,
          0.459190844030647,
          0.556484267396747,
          0.6409138245241982,
          0.7467197676499685,
          0.85128723253619,
          0.9789406569087552
        ]
      },
      "C": {
        "fraction_positive": [
          0.23556194584231968,
          0.274,
          0.23155216284987276,
          0.46153846153846156,
          0.6428571428571429,
          0.64375,
          0.6680327868852459,
          0.6595744680851063,
          0.5215759849906192,
          0.06333072713057075
        ],
        "mean_predicted": [
          0.010157928497813754,
          0.15042491981387138,
          0.2518989920009487,
          0.3498576634120398,
          0.44723649512207697,
          0.5528732074424625,
          0.6500169539549312,
          0.7484109701839745,
          0.8540340867767191,
          0.9765684201998857
        ]
      },
      "D": {
        "fraction_positive": [
          0.36347465164541953,
          0.23558897243107768,
          0.26277372262773724,
          0.24703087885985747,
          0.2682291666666667,
          0.22535211267605634,
          0.1875,
          0.196113074204947,
          0.26262626262626265,
          0.5397468354430379
        ],
        "mean_predicted": [
          0.011430348977990203,
          0.14473945612932806,
          0.24781825641791025,
          0.3536784338129954,
          0.44696010649204254,
          0.5550772581301945,
          0.6560215087873595,
          0.7453187587193802,
          0.8480452878607644,
          0.967325054663646
        ]
      },
      "E": {
        "fraction_positive": [
          0.005219028062970568,
          0.0,
          0.00641025641025641,
          0.0,
          0.0,
          0.0,
          0.0,
          0.0,
          0.0,
          0.0
        ],
        "mean_predicted": [
          0.0050142638930211324,
          0.14308231743587846,
          0.2517891720128365,
          0.34730095219338075,
          0.439751590820069,
          0.5435121121077702,
          0.6634191619722467,
          0.7623402301002952,
          0.859888476630052,
          0.9688924903114791
        ]
      },
      "F": {
        "fraction_positive": [
          0.053522099447513814,
          0.09523809523809523,
          0.24347826086956523,
          0.08571428571428572,
          0.03333333333333333,
          0.11267605633802817,
          0.04081632653061224,
          0.14285714285714285,
          0.03571428571428571,
          0.1308562197092084
        ],
        "mean_predicted": [
          0.003806435363020956,
          0.15916397197852059,
          0.2502538605876591,
          0.3394291000706809,
          0.45205219354894427,
          0.5488001183724739,
          0.6368658062146635,
          0.743253013917378,
          0.8566184625739143,
          0.9881247737295986
        ]
      }
    }
  },
  "calibrated_model": {
    "mean_max_confidence": 0.3769104865616864,
    "pct_over_90": 0.0,
    "accuracy": 0.43256,
    "reliability_data": {
      "A": {
        "fraction_positive": [
          0.058126262182807975,
          0.166,
          0.0,
          0.0
        ],
        "mean_predicted": [
          0.059001114923325465,
          0.13484080152356304,
          0.26787784070175874,
          0.30143042022068756
        ]
      },
      "A+": {
        "fraction_positive": [
          0.07006731003162761,
          0.6107784431137725,
          0.0
        ],
        "mean_predicted": [
          0.07804739845289686,
          0.12408562597145117,
          0.206804151149689
        ]
      },
      "B": {
        "fraction_positive": [
          0.006963042313872523,
          0.1570783428234832,
          0.12025316455696203,
          1.0,
          0.6016260162601627,
          0.972972972972973,
          1.0
        ],
        "mean_predicted": [
          0.008854587626556108,
          0.15502342281512999,
          0.23599934449149418,
          0.3052642247749126,
          0.45544972228257086,
          0.5869337777565583,
          0.6061130397627142
        ]
      },
      "C": {
        "fraction_positive": [
          0.16773017319963537,
          0.241869918699187,
          0.3807912545549193,
          0.0
        ],
        "mean_predicted": [
          0.17621779676492735,
          0.24417932652465493,
          0.3519453532482219,
          0.4371725323100526
        ]
      },
      "D": {
        "fraction_positive": [
          0.0,
          0.0,
          0.11376292760540971,
          0.3575036479964081,
          0.5738930419781484,
          0.16723549488054607,
          0.8421052631578947,
          0.9
        ],
        "mean_predicted": [
          0.014748124231192622,
          0.19008567290349318,
          0.28608895058969225,
          0.3404549431239685,
          0.45766047236403895,
          0.5197920015537377,
          0.6673820603063552,
          0.7121123954920476
        ]
      },
      "E": {
        "fraction_positive": [
          0.00496
        ],
        "mean_predicted": [
          0.005048980395416173
        ]
      },
      "F": {
        "fraction_positive": [
          0.052444870565675934,
          0.0,
          0.19089147286821706
        ],
        "mean_predicted": [
          0.05253063647005771,
          0.1493537264251371,
          0.22242392656011845
        ]
      }
    }
  }
}